Eastern Kingdoms,Kalimdor,Battlegrounds,Classes,Dungeons,Professions,Raids,World Events,Miscellaneous,Uncategorized
Alterac Mountains,Abyssal Sands,Alterac Valley,Druid,Blackfathom Deeps,Alchemy,Ahn'Qiraj,Children's Week,Epic,
Alterac Valley,Ashenvale,Arathi Basin,Hunter,Blackrock Depths,Blacksmithing,Blackwing Lair,Darkmoon Faire,Legendary,
Arathi Highlands,Auberdine,Warsong Gulch,Mage,Blackrock Spire,Cooking,Molten Core,Hallow's End,,
Badlands,Azshara,,Paladin,Dire Maul,Engineering,Naxxramas,Love is in the Air,,
Blackrock Mountain,Darkshore,,Priest,Gnomeregan,First Aid,Onyxia's Lair,Lunar Festival,,
Blasted Lands,Darnassus,,Rogue,Maraudon,Fishing,Ruins of Ahn'Qiraj,Midsummer,,
Burning Steppes,Desolace,,Shaman,Ragefire Chasm,Herbalism,Zul'Gurub,Winter Veil,,
Deeprun Tram,Durotar,,Warlock,Razorfen Downs,Leatherworking,,,,
Dun Morogh,Dustwallow Marsh,,Warrior,Razorfen Kraul,Tailoring,,,,
Duskwood,Felwood,,,Scarlet Monastery,,,,,
Eastern Plaguelands,Feralas,,,Scholomance,,,,,
Elwynn Forest,Moonglade,,,Shadowfang Keep,,,,,
Hillsbrad Foothills,Mulgore,,,Stratholme,,,,,
Ironforge,Orgrimmar,,,The Deadmines,,,,,
Kharanos,Ratchet,,,The Stockade,,,,,
Loch Modan,Rut'theran Village,,,The Temple of Atal'Hakkar,,,,,
Redridge Mountains,Silithus,,,Uldaman,,,,,
Searing Gorge,Stonetalon Mountains,,,Wailing Caverns,,,,,
Shadowfang Keep,Tanaris,,,Zul'Farrak,,,,,
Silverpine Forest,Teldrassil,,,,,,,,
Stormwind City,The Barrens,,,,,,,,
Stranglethorn Vale,Thousand Needles,,,,,,,,
Swamp of Sorrows,Thunder Bluff,,,,,,,,
The Hinterlands,Timbermaw Hold,,,,,,,,
Tirisfal Glades,Un'Goro Crater,,,,,,,,
Undercity,Winterspring,,,,,,,,
Western Plaguelands,,,,,,,,,
Westfall,,,,,,,,,
Wetlands,,,,,,,,,