Dragonflight,Shadowlands,Battle for Azeroth,Legion,Draenor,Pandaria,Cataclysm,Northrend,Outland,Eastern Kingdoms,Kalimdor,Battlegrounds,Campaigns,Classes,Allied Races,Dungeons,Garrisons,Professions,Raids,World Events,Miscellaneous,Uncategorized
Azmerloth,9.1 Campaign,Alliance War Campaign,Acherus: The Ebon Hold,Aktar's Post,Brewmoon Festival,Darkmoon Island,Borean Tundra,Blade's Edge Mountains,Abyssal Depths,Ahn'Qiraj: The Fallen Kingdom,Alterac Valley,Order Hall,Death Knight,Dark Iron Dwarf,Ahn'kahet: The Old Kingdom,Garrison Campaign,Alchemy,Aberrus,Assault on the Dark Portal,Battle Pets,
Dragon Isles,Abominable Stitching,Allied Races,Antoran Wastes,Ashran,Dread Wastes,Deepholm,Crystalsong Forest,Hellfire Peninsula,Arathi Highlands,Ammen Vale,Arathi Basin,Classes,Demon Hunter,Highmountain Tauren,Atal'Dazar,Garrison Support,Archaeology,Amirdrassil,Brewfest,Brawler's Guild,
Dragonscale Expedition,Ardenweald,Arathi Highlands,Argus Expedition,Frostfire Ridge,Isle of Giants,Elemental Bonds,Dalaran,Nagrand,Badlands,Ashenvale,Ashran,Death Knight Campaign,Druid,Kul Tiran,Auchenai Crypts,,Blacksmithing,Antorus,Children's Week,Dungeon Finder,
Dream Wardens,Bastion,Assault,Artifact,Garrison,Isle of Thunder,Firelands Invasion,Dragonblight,Netherstorm,Blasted Lands,Azshara,Battlegrounds,Demon Hunter Campaign,Hunter,Lightforged Draenei,Auchindoun,,Cooking,Battle of Dazar'alor,Darkmoon Faire,Epic,
Dreamsurge,Covenant Assaults,Black Empire Campaign,Azsuna,Gorgrond,Jade Temple Grounds,Kezan,Grizzly Hills,Shadowmoon Valley,Burning Steppes,Azuremyst Isle,Seething Shore,Druid Campaign,Mage,Mag'har Orc,Azjol-Nerub,,Enchanting,Black Temple,Day of the Dead,Legendary,
Dungeon,Covenant Sanctum,Boralus,Azsuna,Ironfist Harbor,Krasarang Wilds,The Lost Isles,Howling Fjord,Shattrath City,Cape of Stranglethorn,Bloodmyst Isle,Warsong Gulch,Hunter Campaign,Monk,Mechagnome,Black Rook Hold,,Engineering,Blackrock Foundry,Hallow's End,Proving Grounds,
Emberflow,Dungeon,Boralus Harbor,Broken Shore,Nagrand,Kun-Lai Summit,The Wandering Isle,Icecrown,Special,Coldridge Valley,Camp Narache,Wintergrasp,Mage Campaign,Paladin,Nightborne,Blackfathom Deeps,,First Aid,Castle Nathria,Harvest Festival,Refer A Friend,
Emerald Dream,Ember Court,Chamber of Heart,Dalaran,Shadowmoon Valley,Landfall,The Zandalari,Sholazar Basin,Terokkar Forest,Content Playground,Darkshore,,Monk Campaign,Priest,Void Elf,Blackrock Caverns,,Fishing,Firelands,Korrak's Revenge,Scenario,
Engine of Innovation,Keeper's Respite,Chamber of Heart,Dreadscar Rift,Spires of Arak,Pandaren Brewmasters,Tol Barad,Special,Zangarmarsh,Dalaran City,Darnassus,,Paladin Campaign,Rogue,Vulpera,Blackrock Depths,,Herbalism,Hellfire Citadel,Love is in the Air,World Quest,
Eon's Fringe,Korthia,Crucible of Storms,Emerald Dreamway,Stormshield,Pandaren Campaign,Tol Barad Peninsula,The Storm Peaks,,Deadwind Pass,Desolace,,Priest Campaign,Shaman,Zandalari Troll,Blackrock Spire,,Inscription,Highmaul,Lunar Festival,,
Evoker,Kyrian Callings,Crucible of Storms,Eredath,Talador,Special,,Tournament,,Deathknell,Durotar,,Rogue Campaign,Warlock,,Bloodmaul Slag Mines,,Jewelcrafting,Hyjal Summit,Midsummer,,
Iskaara Tuskarr,Maldraxxus,Darkshore,Eye of Azshara,Tanaan Jungle,The Jade Forest,,Wintergrasp,,Deeprun Tram,Dustwallow Marsh,,Shaman Campaign,Warrior,,Cathedral of Eternal Night,,Leatherworking,Icecrown Citadel,Moonkin Festival,,
Little Scales Daycare,Necrolord Callings,Darkshore,Greater Invasion Point: Inquisitor Meto,Tanaan Jungle,The Veiled Stair,,Zul'Drak,,Designer Island,Echo Isles,,Warlock Campaign,,,Caverns of Time,,Mining,Karazhan,New Year's Eve,,
Maruuk Centaur,Night Fae Callings,Dazar'alor,Greater Invasion Point: Matron Folnuna,Vault of the Wardens,Theramore's Fall H,,,,Development Land,Echo Isles,,Warrior Campaign,,,Court of Stars,,Skinning,Magtheridon's Lair,Noblegarden,,
Morqut Village,Oribos,Death Rising,Greater Invasion Point: Mistress Alluradel,Warspear,Timeless Isle,,,,Dun Morogh,Felwood,,,,,Darkheart Thicket,,Tailoring,Molten Core,Pilgrim's Bounty,,
Obsidian Citadel,Path of Ascension,Drustvar,Greater Invasion Point: Occularus,,Townlong Steppes,,,,Duskwood,Feralas,,,,,Dawn of the Infinite,,,Naxxramas,Weekend Event,,
Ohn'ahran Plains,Professions,Dungeon,Greater Invasion Point: Pit Lord Vilemus,,Unga Ingoo,,,,Eastern Plaguelands,Molten Front,,,,,Dire Maul,,,Ny'alotha,Winter Veil,,
Ohn'iri Springs,Raid,Exile's Reach,Greater Invasion Point: Sotanathor,,Vale of Eternal Blossoms,,,,Elwynn Forest,Moonglade,,,,,Drak'Tharon Keep,,,Ruins of Ahn'Qiraj,,,
Passage of Time,Revendreth,Hall of Communion,Hall of the Guardian,,Valley of the Four Winds,,,,Eversong Woods,Mount Hyjal,,,,,End Time,,,Sanctum of Domination,,,
Primalist Storms,Sinfall,Heart of Azeroth,Helheim,,,,,,Ghostlands,Mulgore,,,,,Eye of Azshara,,,Sepulcher of the First Ones,,,
Professions,Sinfall,Heritage,Highmountain,,,,,,Gilneas,Northern Barrens,,,,,Freehold,,,Siege of Orgrimmar,,,
Raid,Special,Hook Point,Invasion Point,,,,,,Gilneas City,Orgrimmar,,,,,Gate of the Setting Sun,,,Sunwell Plateau,,,
Sharpscale Coast,Tazavesh,Horde War Campaign,Invasion Point: Naigtal,,,,,,Hillsbrad Foothills,Shadowglen,,,,,Gnomeregan,,,Tempest Keep,,,
Special,The Archivists' Codex,Island Expeditions,Krokuun,,,,,,Ironforge,Silithus,,,,,Grim Batol,,,Temple of Ahn'Qiraj,,,
Suffusion Camps,The Forbidden Reach,Mechagon,Legionfall Campaign,,,,,,Isle of Quel'Danas,Silithus: The Wound,,,,,Grimrail Depot,,,The Emerald Nightmare,,,
Tempest Unleashed,The Maw,Nazjatar,Malorne's Refuge,,,,,,JoshTest,Southern Barrens,,,,,Gundrak,,,The Eternal Palace,,,
Thaldraszus,The Maw,Nazmir,Moon Guard Stronghold,,,,,,Keeper's Rest,Stonetalon Mountains,,,,,Halls of Lightning,,,The Eye,,,
The Azure Span,The Maw,Professions,Netherlight Temple,,,,,,Kelp'thar Forest,Tanaris,,,,,Halls of Origination,,,The Eye of Eternity,,,
The Forbidden Reach,The Maw,Questfall,Skyhold,,,,,,Loch Modan,Teldrassil,,,,,Halls of Reflection,,,The Nighthold,,,
The Primalist Future,Through the Shattered Sky,Rated PvP,Stormheim,,,,,,New Tinkertown,The Dragonmurk,,,,,Halls of Stone,,,The Obsidian Sanctum,,,
The Waking Shores,Torghast,Savagelands,Suramar,,,,,,Northern Stranglethorn,The Dranosh'ar Blockade,,,,,Halls of Valor,,,The Ruby Sanctum,,,
The Waking Shores,Ve'nari's Refuge,Special,The Deaths of Chromie,,,,,,Northshire,The Vortex Pinnacle,,,,,Hellfire Ramparts,,,Throne of Thunder,,,
Time Rifts,Venthyr Callings,Stormsong Valley,The Dreamgrove,,,,,,Programmer Isle,Theramore Isle,,,,,Hour of Twilight,,,Tomb of Sargeras,,,
Trading Post,Zereth Mortis,The Fate of Saurfang,The Hunt for Illidan Stormrage,,,,,,Prototype,Thousand Needles,,,,,Iron Docks,,,Trial of Valor,,,
Trial of Style,,The Mugambala,The King's Path,,,,,,Quel'thalas,Thunder Bluff,,,,,Kings' Rest,,,Trial of the Crusader,,,
Tyrhold,,The Pride of Kul Tiras,The Vindicaar,,,,,,Redridge Mountains,Uldum,,,,,Lost City of the Tol'vir,,,Ulduar,,,
Valdrakken,,The Shadow Hunter,The Wandering Isle,,,,,,Ruins of Gilneas,Un'Goro Crater,,,,,Magisters' Terrace,,,Vault of the Incarnates,,,
Valdrakken Accord,,The Warchief's Agenda,The Warchief's Agenda,,,,,,Searing Gorge,Valley of Trials,,,,,Mana-Tombs,,,Zul'Aman,,,
World PvP,,Tiragarde Sound,Trueshot Lodge,,,,,,Shimmering Expanse,Winterspring,,,,,Maraudon,,,Zul'Gurub,,,
Zaralek Cavern,,Treasure Map,Val'sharah,,,,,,Silvermoon City,,,,,,Maw of Souls,,,,,,
Zskera Vaults,,Tyrande's Vengeance,,,,,,,Silverpine Forest,,,,,,Mogu'shan Palace,,,,,,
,,Uldum,,,,,,,Stormwind City,,,,,,Neltharion's Lair,,,,,,
,,Vale of Eternal Blossoms,,,,,,,Stormwind Harbor,,,,,,Old Hillsbrad Foothills,,,,,,
,,Visions of N'Zoth,,,,,,,Sunstrider Isle,,,,,,Pit of Saron,,,,,,
,,Vol'dun,,,,,,,Swamp of Sorrows,,,,,,Ragefire Chasm,,,,,,
,,War Campaign - Alliance,,,,,,,The Cape of Stranglethorn,,,,,,Razorfen Downs,,,,,,
,,War Campaign - Horde,,,,,,,The Hinterlands,,,,,,Razorfen Kraul,,,,,,
,,Warfronts,,,,,,,Tirisfal Glades,,,,,,Return to Karazhan,,,,,,
,,World PvP,,,,,,,Tirisfal Glades,,,,,,Scarlet Halls,,,,,,
,,Zuldazar,,,,,,,Tirisfal Glades,,,,,,Scarlet Monastery,,,,,,
,,,,,,,,,Twilight Highlands,,,,,,Scarlet Monastery,,,,,,
,,,,,,,,,Undercity,,,,,,Scholomance,,,,,,
,,,,,,,,,Vashj'ir,,,,,,Scholomance,,,,,,
,,,,,,,,,Western Plaguelands,,,,,,Sethekk Halls,,,,,,
,,,,,,,,,Westfall,,,,,,Shado-Pan Monastery,,,,,,
,,,,,,,,,Wetlands,,,,,,Shadow Labyrinth,,,,,,
,,,,,,,,,,,,,,,Shadowfang Keep,,,,,,
,,,,,,,,,,,,,,,Shadowmoon Burial Grounds,,,,,,
,,,,,,,,,,,,,,,Shrine of the Storm,,,,,,
,,,,,,,,,,,,,,,Siege of Boralus,,,,,,
,,,,,,,,,,,,,,,Siege of Niuzao Temple,,,,,,
,,,,,,,,,,,,,,,Skyreach,,,,,,
,,,,,,,,,,,,,,,Stormstout Brewery,,,,,,
,,,,,,,,,,,,,,,Stratholme,,,,,,
,,,,,,,,,,,,,,,Sunken Temple,,,,,,
,,,,,,,,,,,,,,,Sword of Dawn,,,,,,
,,,,,,,,,,,,,,,Temple of Sethraliss,,,,,,
,,,,,,,,,,,,,,,Temple of the Jade Serpent,,,,,,
,,,,,,,,,,,,,,,The Arcatraz,,,,,,
,,,,,,,,,,,,,,,The Arcway,,,,,,
,,,,,,,,,,,,,,,The Black Morass,,,,,,
,,,,,,,,,,,,,,,The Blood Furnace,,,,,,
,,,,,,,,,,,,,,,The Botanica,,,,,,
,,,,,,,,,,,,,,,The Culling of Stratholme,,,,,,
,,,,,,,,,,,,,,,The Deadmines,,,,,,
,,,,,,,,,,,,,,,The Everbloom,,,,,,
,,,,,,,,,,,,,,,The Forge of Souls,,,,,,
,,,,,,,,,,,,,,,The MOTHERLODE!!,,,,,,
,,,,,,,,,,,,,,,The Mechanar,,,,,,
,,,,,,,,,,,,,,,The Naglfar,,,,,,
,,,,,,,,,,,,,,,The Necrotic Wake,,,,,,
,,,,,,,,,,,,,,,The Nexus,,,,,,
,,,,,,,,,,,,,,,The Oculus,,,,,,
,,,,,,,,,,,,,,,The Seat of the Triumvirate,,,,,,
,,,,,,,,,,,,,,,The Shattered Halls,,,,,,
,,,,,,,,,,,,,,,The Slave Pens,,,,,,
,,,,,,,,,,,,,,,The Steamvault,,,,,,
,,,,,,,,,,,,,,,The Stockade,,,,,,
,,,,,,,,,,,,,,,The Stonecore,,,,,,
,,,,,,,,,,,,,,,The Underbog,,,,,,
,,,,,,,,,,,,,,,The Underrot,,,,,,
,,,,,,,,,,,,,,,The Violet Hold,,,,,,
,,,,,,,,,,,,,,,The Vortex Pinnacle,,,,,,
,,,,,,,,,,,,,,,Throne of the Tides,,,,,,
,,,,,,,,,,,,,,,Timewalking Campaign,,,,,,
,,,,,,,,,,,,,,,Tol Dagor,,,,,,
,,,,,,,,,,,,,,,Trial of the Champion,,,,,,
,,,,,,,,,,,,,,,Uldaman,,,,,,
,,,,,,,,,,,,,,,Upper Blackrock Spire,,,,,,
,,,,,,,,,,,,,,,Utgarde Keep,,,,,,
,,,,,,,,,,,,,,,Utgarde Pinnacle,,,,,,
,,,,,,,,,,,,,,,Vault of the Wardens,,,,,,
,,,,,,,,,,,,,,,Violet Hold,,,,,,
,,,,,,,,,,,,,,,Wailing Caverns,,,,,,
,,,,,,,,,,,,,,,Waycrest Manor,,,,,,
,,,,,,,,,,,,,,,Well of Eternity,,,,,,
,,,,,,,,,,,,,,,Zul'Farrak,,,,,,