Northrend,Outland,Eastern Kingdoms,Kalimdor,Battlgrounds,Classes,Dungeons,Professions,Raids,World Events,Miscellaneous,Uncategorized
Acherus: The Ebon Hold,Auchindoun,Alterac Mountains,Abyssal Sands,Alterac Valley,Death Knight,Ahn'kahet: The Old Kingdom,Alchemy,Ahn'Qiraj,Brewfest,Epic,
Borean Tundra,Bash'ir Landing,Alterac Valley,Ashenvale,Arathi Basin,Druid,Auchenai Crypts,Blacksmithing,Black Temple,Children's Week,Legendary,
Dalaran,Blade's Edge Mountains,Arathi Highlands,Azshara,Battlegrounds,Hunter,Azjol-Nerub,Cooking,Blackwing Lair,Darkmoon Faire,,
Dalaran City,Hellfire Peninsula,Badlands,Azuremyst Isle,Eye of the Storm,Mage,Blackfathom Deeps,Engineering,Hyjal Summit,Hallow's End,,
Dragonblight,Nagrand,Blackrock Mountain,Bloodmyst Isle,Isle of Conquest,Paladin,Blackrock Depths,First Aid,Icecrown Citadel,Love is in the Air,,
Grizzly Hills,Netherstorm,Blasted Lands,Darkshore,Strand of the Ancients,Priest,Blackrock Spire,Fishing,Karazhan,Lunar Festival,,
Howling Fjord,Ogri'la,Burning Steppes,Darnassus,Warsong Gulch,Rogue,Caverns of Time,Herbalism,Magtheridon's Lair,Midsummer,,
Icecrown,Shadowmoon Valley,Deadwind Pass,Desolace,,Shaman,Dire Maul,Inscription,Molten Core,Noblegarden,,
Sholazar Basin,Shattrath City,Deeprun Tram,Durotar,,Warlock,Drak'Tharon Keep,Jewelcrafting,Naxxramas,Winter Veil,,
The Storm Peaks,Skettis,Designer Island,Dustwallow Marsh,,Warrior,Gnomeregan,Leatherworking,Ruins of Ahn'Qiraj,,,
Tournament,Special,Dun Morogh,Felwood,,,Gundrak,Tailoring,Serpentshrine Cavern,,,
Wintergrasp,Terokkar Forest,Duskwood,Feralas,,,Halls of Lightning,,Sunwell Plateau,,,
Zul'Drak,Terrace of Light,Eastern Plaguelands,Moonglade,,,Halls of Reflection,,Tempest Keep,,,
,Zangarmarsh,Elwynn Forest,Mulgore,,,Halls of Stone,,The Eye of Eternity,,,
,,Eversong Woods,Orgrimmar,,,Hellfire Citadel,,The Obsidian Sanctum,,,
,,Ghostlands,Rut'theran Village,,,Magisters' Terrace,,The Ruby Sanctum,,,
,,Hillsbrad Foothills,Silithus,,,Mana-Tombs,,Trial of the Crusader,,,
,,Ironforge,Stonetalon Mountains,,,Maraudon,,Ulduar,,,
,,Isle of Quel'Danas,Tanaris,,,Pit of Saron,,Zul'Aman,,,
,,Kharanos,Teldrassil,,,Ragefire Chasm,,Zul'Gurub,,,
,,Loch Modan,The Barrens,,,Razorfen Downs,,,,,
,,Menethil Harbor,The Exodar,,,Razorfen Kraul,,,,,
,,Programmer Isle,Thousand Needles,,,Scarlet Monastery,,,,,
,,Redridge Mountains,Thunder Bluff,,,Scholomance,,,,,
,,Searing Gorge,Timbermaw Hold,,,Shadow Labyrinth,,,,,
,,Shadowfang Keep,Un'Goro Crater,,,Shadowfang Keep,,,,,
,,Silvermoon City,Winterspring,,,Stratholme,,,,,
,,Silverpine Forest,,,,The Culling of Stratholme,,,,,
,,Stormwind City,,,,The Deadmines,,,,,
,,Stranglethorn Vale,,,,The Forge of Souls,,,,,
,,Swamp of Sorrows,,,,The Nexus,,,,,
,,The Hinterlands,,,,The Oculus,,,,,
,,Tirisfal Glades,,,,The Slave Pens,,,,,
,,Undercity,,,,The Steamvault,,,,,
,,Western Plaguelands,,,,The Stockade,,,,,
,,Westfall,,,,The Temple of Atal'Hakkar,,,,,
,,Wetlands,,,,The Underbog,,,,,
,,,,,,The Violet Hold,,,,,
,,,,,,Uldaman,,,,,
,,,,,,Utgarde Keep,,,,,
,,,,,,Utgarde Pinnacle,,,,,
,,,,,,Wailing Caverns,,,,,
,,,,,,Zul'Farrak,,,,,